{
  "devices": [
    {
      "installationId": "64295B7A-C01E-4B65-9F28-D80B09776663",
      "lastUsed": 1759511753891
    },
    {
      "installationId": "977CE1BA-9DB6-49B2-9FCC-C916BD346706",
      "lastUsed": 1759510293097
    },
    {
      "installationId": "662AE03F-7368-460D-9FF7-96D7AF1BC9AA",
      "lastUsed": 1759506664356
    },
    {
      "installationId": "934C86B0-3766-496A-BC8A-1FC22BBC1354",
      "lastUsed": 1759506253733
    },
    {
      "installationId": "1D5BA39B-6466-4F72-B34B-936D31B07DA7",
      "lastUsed": 1759415818139
    }
  ]
}
